TopAGNPS,WARNING, 2002,Keyword "DEMEDGE" was not found in "TOPAGNPS.XML". The default value of "0" (warn and continue) will be assumed.
TopAGNPS,WARNING, 2002,Keyword "DNMCNT" was not found in "TOPAGNPS.XML". The default value of "0" (do not use "DNMCNT.INP") will be assumed.
TopAGNPS,WARNING, 2002,Keyword "OUTFORMAT" was not found in "TOPAGNPS.XML". The default value of "0" (outlet location in row, column format) will be assumed.
TopAGNPS,WARNING, 2002,Keyword "READOUT" was not found in "TOPAGNPS.XML". The default value of "0" (do not read intermediate files) will be assumed.
TopAGNPS,WARNING, 2002,Keyword "VERBOSE" was not found in "TOPAGNPS.XML". The default value of "0" (more log messages) will be assumed.
DEDNM,WARNING, 2008,The number of rows or columns in the aggregated/resampled DEM is large. Processing will continue!
DEDNM,WARNING, 2025,The defined watershed contains an area of indeterminate elevations within the watershed at row "   35" (UTMN: " 4571838.91") and column "  656" (UTME: "  651440.11"). The raster grid file "INDTAR.ASC" which shows the indeterminate rasters will be produced. The watershed should be fully defined within the DEM and should not touch the edge of the DEM or have areas of indeterminate elevations along the boundary or contained within. Processing will continue.
AgFlow,WARNING, 2050,Warning Message No. 1--the subarea ID "747" was not found within the circumscribed watershed!
CONCEPTS,WARNING, 2001,The required input file "CONCEPTS.CSV" nor "CONCEPTS.XML" was not found in the executable path. Skipping execution of CONCEPTS.
PEG,WARNING, 2001,The required input file "PEG.CSV" nor "PEG.XML" was not found in the executable path. Skipping execution of PEG.
AgBuf,WARNING, 2001,The required input file "AGBUF.CSV" nor "AGBUF.XML" was not found in the executable path. Skipping execution of AgBuf.
AgWet,WARNING, 2001,The required input file "AGWET.CSV" nor "AGWET.XML" was not found in the executable path. Skipping execution of AgWet.
Pothole,WARNING, 2001,The required input file "POTHOLE.CSV" nor "POTHOLE.XML" was not found in the executable path. Skipping execution of Pothole.
TopAGNPS,WARNING, 1003,*** ENDING EXECUTION: TopAGNPS v6.00.b.017_2022.08.30  64-bit execution ***
